sample,IPD-MHC:SLA06119_SLA-1*08:07_1086_bp,IPD-MHC:SLA06121_SLA-1*08:03_1086_bp,IPD-MHC:SLA06136_SLA-1*14:02_1086_bp,IPD-MHC:SLA06137_SLA-1*14:01_1086_bp,IPD-MHC:SLA06152_SLA-2*05:02_1095_bp,IPD-MHC:SLA06193_SLA-3*03:04_1086_bp,IPD-MHC:SLA06202_SLA-3*05:02_1086_bp,IPD-MHC:SLA06210_SLA-3*07:03_668_bp,IPD-MHC:SLA08447_SLA-1*08:11_1086_bp,IPD-MHC:SLA08508_SLA-3*04:04_1086_bp,IPD-MHC:SLA09709_SLA-1*20:02_546_bp,IPD-MHC:SLA09714_SLA-1*08:15_1086_bp,IPD-MHC:SLA09738_SLA-3*04:08_1086_bp,IPD-MHC:SLA09743_SLA-1*14:05_1086_bp,IPD-MHC:SLA09764_SLA-9*03:01_1086_bp
Pig-29_S56_L001,0,0,2586,0,0,12,0,0,0,0,0,0,2,0,0
Pig-40_S57_L001,0,0,2586,1,0,10,0,0,0,0,0,0,0,0,0
Pig-54_S58_L001,0,0,6,1493,823,0,1,1,0,1882,0,3,0,0,0
Pig-903_S54_L001,0,0,1,0,0,0,633,0,539,1,485,0,671,0,0
Pig-905_S55_L001,0,0,1988,0,0,9,0,0,0,0,0,0,0,0,0
ST-100B_S24_L001,0,0,3133,0,0,2,0,0,0,0,0,0,0,1,0
ST-104B_S25_L001,0,0,2512,0,0,7,0,0,0,0,0,0,0,0,0
ST-106B_S26_L001,0,0,0,2,0,0,0,0,0,0,0,0,0,0,0
ST-110B_S27_L001,0,0,1321,0,0,1,0,0,0,0,0,0,0,0,0
ST-113B_S29_L001,0,0,2690,0,0,32,0,0,0,0,0,0,0,0,1
ST-114B_S30_L001,0,0,741,0,0,0,0,0,0,0,0,0,0,0,0
ST-117B_S31_L001,0,0,6,180,498,0,0,0,0,245,0,0,0,0,0
ST-123B_S33_L001,0,0,4906,0,0,0,0,0,0,0,0,0,0,0,0
ST-125B_S34_L001,0,0,1978,1,0,5,0,0,0,0,0,0,0,0,0
ST-129B_S35_L001,0,0,3356,28,44,32,0,0,0,38,0,0,0,0,0
ST-131B_S36_L001,0,0,93665,0,0,0,0,0,0,0,0,0,0,2,0
ST-132B_S37_L001,0,1,21985,8,0,0,0,0,0,0,0,0,0,0,0
ST-136B_S38_L001,0,0,8,57051,0,0,0,0,0,0,0,0,0,0,0
ST-138B_S39_L001,0,0,3,0,0,0,0,0,0,0,0,0,0,0,0
ST-13B_S3_L001,0,0,1,0,0,0,0,0,0,0,0,0,0,0,0
ST-144B_S40_L001,0,0,1906,1,0,2,0,0,0,0,0,0,0,0,0
ST-159B_S41_L001,0,0,2,0,0,1,0,0,0,0,0,0,0,0,0
ST-161B_S42_L001,0,0,3,380,277,0,0,0,0,451,0,0,0,0,0
ST-189B_S43_L001,0,0,1322,0,0,0,0,0,0,1,0,0,0,0,0
ST-193B_S44_L001,0,0,4,0,0,0,0,0,0,0,0,0,0,0,0
ST-195B_S46_L001,1,0,2687,110,0,0,0,0,0,389,0,0,0,0,0
ST-198B_S47_L001,0,0,6960,0,0,0,0,0,0,0,0,0,0,1,0
ST-19B_S4_L001,0,0,2,6400,0,0,0,0,0,0,0,0,1,0,0
ST-200B_S48_L001,0,0,2681,0,0,0,0,0,0,0,0,0,0,0,0
ST-203B_S49_L001,0,0,4,1718,709,0,0,0,1,478,0,0,1,0,0
ST-205B_S50_L001,0,0,2680,3,0,13,0,0,0,0,0,0,0,0,0
ST-21B_S5_L001,0,0,1498,1,0,1,0,0,0,0,0,0,0,0,3
ST-229B_S51_L001,0,0,3697,2,35,24,0,0,0,0,0,0,0,0,0
ST-22B_S6_L001,0,0,4175,0,1,0,0,0,0,1,0,0,0,1,0
ST-239B_S52_L001,0,0,1,1,0,0,0,0,0,0,0,0,40,0,0
ST-247B_S53_L001,0,0,1,0,0,0,0,0,0,0,0,0,0,0,0
ST-24B_S7_L001,0,0,6439,0,0,0,0,0,0,0,0,0,0,0,0
ST-33B_S8_L001,0,0,5,0,0,0,0,0,0,0,0,0,0,0,0
ST-38B_S9_L001,0,0,2772,348,0,31,0,0,0,0,0,0,0,0,0
ST-43B_S10_L001,0,0,29376,0,0,0,0,0,0,0,0,0,0,0,0
ST-49B_S11_L001,0,0,1126,0,0,0,0,0,0,0,0,0,0,0,0
ST-55B_S12_L001,0,0,1,0,0,0,0,0,0,0,0,0,0,0,0
ST-56B_S13_L001,0,0,6,0,0,0,0,0,0,0,0,0,1494,0,0
ST-59B_S14_L001,0,0,7,5,0,0,0,0,0,0,0,0,0,0,0
ST-68B_S15_L001,0,0,130,3,0,0,0,0,0,1,0,0,0,0,0
ST-75B_S17_L001,0,0,2,6989,0,0,0,0,0,0,0,0,0,0,8899
ST-79B_S18_L001,0,0,1231,1,0,0,0,0,0,0,0,0,0,0,0
ST-7B_S1_L001,0,0,1,0,0,0,0,0,0,0,0,0,0,0,0
ST-80B_S19_L001,0,0,5,2,1,0,0,0,0,0,0,0,0,0,0
ST-88B_S20_L001,0,0,9776,0,1154,0,0,0,0,0,0,0,0,1,0
ST-8B_S2_L001,0,0,3,1,0,0,0,0,0,0,0,0,0,0,0
ST-91B_S21_L001,0,0,4,1,0,0,0,0,0,0,0,0,0,0,0
ST-94B_S22_L001,0,0,3315,0,1,0,0,0,0,0,0,0,0,0,0
ST-99B_S23_L001,0,0,3,0,0,0,0,0,0,0,0,0,0,0,1
ST112B_S28_L001,0,0,66,50,0,0,0,0,0,0,0,0,0,0,0
